{"stats":{"minecraft:custom":{"minecraft:jump":16,"minecraft:time_since_rest":18330,"minecraft:leave_game":1,"minecraft:damage_dealt":23,"minecraft:sprint_one_cm":3731,"minecraft:play_time":18330,"minecraft:walk_on_water_one_cm":422,"minecraft:time_since_death":18330,"minecraft:walk_one_cm":3002,"minecraft:sneak_time":17,"minecraft:total_world_time":18330,"minecraft:fly_one_cm":13526},"minecraft:mined":{"minecraft:grass_block":1,"minecraft:dirt":2},"minecraft:picked_up":{"minecraft:torch":1,"minecraft:dirt":3},"minecraft:used":{"minecraft:torch":4,"minecraft:dirt":1}},"DataVersion":3953}