{"stats":{"minecraft:used":{"minecraft:rose_bush":1,"minecraft:ender_pearl":59,"minecraft:leather_chestplate":3,"minecraft:zombie_spawn_egg":8,"minecraft:chainmail_helmet":2,"minecraft:diamond_axe":10,"minecraft:mossy_stone_brick_slab":1,"minecraft:torch":4,"minecraft:dirt":1,"minecraft:crafting_table":1,"minecraft:mace":27,"minecraft:diamond_sword":175,"minecraft:potion":1,"minecraft:porkchop":1,"minecraft:goat_horn":5,"minecraft:cooked_porkchop":3},"minecraft:custom":{"minecraft:mob_kills":16,"minecraft:interact_with_crafting_table":6,"minecraft:leave_game":6,"minecraft:time_since_death":5105,"minecraft:time_since_rest":5170,"minecraft:sprint_one_cm":98875,"minecraft:damage_taken":5622,"minecraft:walk_one_cm":126644,"minecraft:drop":38,"minecraft:damage_dealt":3054,"minecraft:swim_one_cm":70582,"minecraft:fly_one_cm":166338,"minecraft:player_kills":1,"minecraft:crouch_one_cm":3830,"minecraft:play_time":134529,"minecraft:deaths":22,"minecraft:sneak_time":5187,"minecraft:walk_under_water_one_cm":3662,"minecraft:jump":1029,"minecraft:walk_on_water_one_cm":11690,"minecraft:total_world_time":134529,"minecraft:fall_one_cm":34231},"minecraft:picked_up":{"minecraft:stripped_oak_log":1,"minecraft:crafting_table":128,"minecraft:leather_chestplate":6,"minecraft:golden_pickaxe":1,"minecraft:leather":120,"minecraft:diamond_sword":5,"minecraft:golden_shovel":1,"minecraft:oak_log":15,"minecraft:golden_sword":1,"minecraft:dirt":57,"minecraft:string":5,"minecraft:iron_axe":1,"minecraft:bone":11,"minecraft:bow":1,"minecraft:wheat_seeds":4,"minecraft:iron_ingot":1,"minecraft:rose_bush":1,"minecraft:chest":124,"minecraft:iron_boots":1,"minecraft:stick":1,"minecraft:cooked_porkchop":3,"minecraft:torch":1,"minecraft:porkchop":3,"minecraft:golden_axe":1,"minecraft:mace":3,"minecraft:diamond_block":62,"minecraft:spider_eye":3,"minecraft:brown_dye":1,"minecraft:goat_horn":3,"minecraft:diamond_shovel":1,"minecraft:arrow":8,"minecraft:rotten_flesh":5,"minecraft:slime_ball":2,"minecraft:diamond":5,"minecraft:diamond_axe":1,"minecraft:iron_block":4,"minecraft:chainmail_helmet":2,"minecraft:diamond_pickaxe":1,"minecraft:ender_pearl":36},"minecraft:crafted":{"minecraft:brown_dye":2},"minecraft:mined":{"minecraft:short_grass":16,"minecraft:grass_block":3,"minecraft:fire":3,"minecraft:birch_leaves":2,"minecraft:oak_log":5,"minecraft:dirt":2,"minecraft:stripped_oak_log":1},"minecraft:killed_by":{"minecraft:player":10,"minecraft:zombie":3},"minecraft:dropped":{"minecraft:brown_dye":2,"minecraft:wheat_seeds":2,"minecraft:oak_log":2,"minecraft:rotten_flesh":1,"minecraft:diamond_sword":1,"minecraft:dirt":25,"minecraft:arrow":2,"minecraft:bow":1,"minecraft:bone":2},"minecraft:killed":{"minecraft:spider":4,"minecraft:slime":6,"minecraft:skeleton":4,"minecraft:zombie":2}},"DataVersion":3953}