{"stats":{"minecraft:mined":{"minecraft:short_grass":11,"minecraft:grass_block":3,"minecraft:dirt":2},"minecraft:killed_by":{"minecraft:zombie":2},"minecraft:killed":{"minecraft:spider":2},"minecraft:used":{"minecraft:torch":4,"minecraft:diamond_sword":80,"minecraft:dirt":1,"minecraft:mace":7,"minecraft:zombie_spawn_egg":8,"minecraft:mossy_stone_brick_slab":1},"minecraft:custom":{"minecraft:time_since_rest":34075,"minecraft:crouch_one_cm":115,"minecraft:deaths":3,"minecraft:play_time":57139,"minecraft:sprint_one_cm":27042,"minecraft:damage_taken":2476,"minecraft:walk_one_cm":34926,"minecraft:sneak_time":86,"minecraft:walk_under_water_one_cm":428,"minecraft:mob_kills":2,"minecraft:jump":207,"minecraft:damage_dealt":753,"minecraft:leave_game":3,"minecraft:walk_on_water_one_cm":1014,"minecraft:time_since_death":34031,"minecraft:total_world_time":57139,"minecraft:swim_one_cm":367,"minecraft:fall_one_cm":11393,"minecraft:fly_one_cm":37643},"minecraft:picked_up":{"minecraft:wheat_seeds":2,"minecraft:torch":1,"minecraft:string":2,"minecraft:spider_eye":1,"minecraft:dirt":5}},"DataVersion":3953}