{"stats":{"minecraft:killed_by":{"minecraft:player":6,"minecraft:zombie":2},"minecraft:used":{"minecraft:rose_bush":1,"minecraft:mace":7,"minecraft:zombie_spawn_egg":8,"minecraft:mossy_stone_brick_slab":1,"minecraft:torch":4,"minecraft:diamond_sword":97,"minecraft:dirt":1,"minecraft:porkchop":1},"minecraft:picked_up":{"minecraft:stick":1,"minecraft:torch":1,"minecraft:diamond_sword":1,"minecraft:porkchop":1,"minecraft:oak_log":2,"minecraft:spider_eye":1,"minecraft:string":2,"minecraft:dirt":32,"minecraft:arrow":2,"minecraft:bone":2,"minecraft:rotten_flesh":1,"minecraft:bow":1,"minecraft:wheat_seeds":4,"minecraft:rose_bush":1},"minecraft:custom":{"minecraft:time_since_rest":6349,"minecraft:sprint_one_cm":48810,"minecraft:damage_taken":3593,"minecraft:walk_one_cm":64244,"minecraft:mob_kills":4,"minecraft:drop":36,"minecraft:damage_dealt":1391,"minecraft:player_kills":1,"minecraft:swim_one_cm":23079,"minecraft:fly_one_cm":46902,"minecraft:crouch_one_cm":2520,"minecraft:play_time":81832,"minecraft:deaths":10,"minecraft:sneak_time":3665,"minecraft:walk_under_water_one_cm":428,"minecraft:jump":394,"minecraft:leave_game":5,"minecraft:walk_on_water_one_cm":1014,"minecraft:time_since_death":6310,"minecraft:total_world_time":81832,"minecraft:fall_one_cm":20799},"minecraft:mined":{"minecraft:birch_leaves":2,"minecraft:short_grass":15,"minecraft:grass_block":3,"minecraft:dirt":2},"minecraft:dropped":{"minecraft:diamond_sword":1,"minecraft:dirt":25,"minecraft:wheat_seeds":2,"minecraft:oak_log":2,"minecraft:rotten_flesh":1,"minecraft:bow":1,"minecraft:arrow":2,"minecraft:bone":2},"minecraft:killed":{"minecraft:skeleton":1,"minecraft:zombie":1,"minecraft:spider":2}},"DataVersion":3953}