{"stats":{"minecraft:mined":{"minecraft:oak_leaves":7,"minecraft:bee_nest":1},"minecraft:killed_by":{"minecraft:skeleton":1,"minecraft:drowned":1},"minecraft:killed":{"minecraft:spider":1,"minecraft:skeleton":1,"minecraft:chicken":1},"minecraft:custom":{"minecraft:time_since_rest":26394,"minecraft:crouch_one_cm":682,"minecraft:damage_taken":3054,"minecraft:play_time":28853,"minecraft:sprint_one_cm":42520,"minecraft:deaths":2,"minecraft:walk_one_cm":50571,"minecraft:sneak_time":134,"minecraft:walk_under_water_one_cm":4514,"minecraft:mob_kills":5,"minecraft:jump":231,"minecraft:damage_dealt":409,"minecraft:leave_game":3,"minecraft:walk_on_water_one_cm":2339,"minecraft:time_since_death":26349,"minecraft:total_world_time":28853,"minecraft:swim_one_cm":4523,"minecraft:fall_one_cm":3905,"minecraft:fly_one_cm":40123},"minecraft:used":{"minecraft:stone_brick_stairs":4,"minecraft:mossy_cobblestone_stairs":3,"minecraft:bow":2,"minecraft:cobblestone_stairs":3,"minecraft:dead_tube_coral_block":7,"minecraft:lantern":1,"minecraft:grass_block":8,"minecraft:wither_rose":6,"minecraft:mangrove_sign":1,"minecraft:jungle_hanging_sign":2,"minecraft:mangrove_hanging_sign":1,"minecraft:mossy_stone_brick_slab":5},"minecraft:picked_up":{"minecraft:bone":2,"minecraft:arrow":3,"minecraft:chicken":1,"minecraft:rotten_flesh":7,"minecraft:bow":1,"minecraft:wheat_seeds":1,"minecraft:oak_sapling":1,"minecraft:string":1}},"DataVersion":3953}