{"stats":{"minecraft:picked_up":{"minecraft:birch_log":2,"minecraft:chicken":1,"minecraft:diamond_sword":4,"minecraft:oak_log":8,"minecraft:mace":3,"minecraft:mangrove_sign":2,"minecraft:dirt":37,"minecraft:string":9,"minecraft:arrow":5,"minecraft:bone":8,"minecraft:rotten_flesh":13,"minecraft:bow":3,"minecraft:wheat_seeds":4,"minecraft:oak_sapling":1},"minecraft:killed_by":{"minecraft:player":1,"minecraft:drowned":1,"minecraft:skeleton":1},"minecraft:killed":{"minecraft:skeleton":1,"minecraft:zombie":1,"minecraft:pig":1,"minecraft:chicken":1,"minecraft:spider":1},"minecraft:custom":{"minecraft:time_since_rest":10987,"minecraft:sprint_one_cm":57231,"minecraft:damage_taken":3354,"minecraft:walk_one_cm":93154,"minecraft:mob_kills":7,"minecraft:drop":1,"minecraft:damage_dealt":1935,"minecraft:swim_one_cm":7091,"minecraft:fly_one_cm":45040,"minecraft:player_kills":6,"minecraft:crouch_one_cm":3261,"minecraft:play_time":51058,"minecraft:deaths":4,"minecraft:sneak_time":1986,"minecraft:walk_under_water_one_cm":4514,"minecraft:jump":329,"minecraft:leave_game":4,"minecraft:time_since_death":10961,"minecraft:walk_on_water_one_cm":2339,"minecraft:total_world_time":51058,"minecraft:fall_one_cm":7346},"minecraft:used":{"minecraft:mossy_cobblestone_stairs":3,"minecraft:cobblestone_stairs":3,"minecraft:dead_tube_coral_block":7,"minecraft:mace":18,"minecraft:lantern":1,"minecraft:grass_block":8,"minecraft:jungle_hanging_sign":2,"minecraft:mossy_stone_brick_slab":5,"minecraft:mangrove_hanging_sign":1,"minecraft:stone_brick_stairs":4,"minecraft:diamond_sword":19,"minecraft:dirt":13,"minecraft:bow":2,"minecraft:wither_rose":6,"minecraft:mangrove_sign":1},"minecraft:mined":{"minecraft:bee_nest":1,"minecraft:short_grass":2,"minecraft:rose_bush":1,"minecraft:oak_leaves":10},"minecraft:dropped":{"minecraft:diamond_sword":1}},"DataVersion":3953}