{"stats":{"minecraft:used":{"minecraft:cobblestone_stairs":3,"minecraft:dead_tube_coral_block":7,"minecraft:iron_sword":5,"minecraft:jungle_hanging_sign":2,"minecraft:diamond_axe":9,"minecraft:mossy_stone_brick_slab":5,"minecraft:mangrove_hanging_sign":1,"minecraft:dirt":30,"minecraft:mangrove_sign":1,"minecraft:mossy_cobblestone_stairs":3,"minecraft:diamond_shovel":34,"minecraft:mace":21,"minecraft:grass_block":8,"minecraft:lantern":1,"minecraft:iron_block":54,"minecraft:iron_axe":2,"minecraft:iron_boots":1,"minecraft:stone_brick_stairs":4,"minecraft:golden_sword":15,"minecraft:diamond_sword":108,"minecraft:bow":119,"minecraft:birch_log":1,"minecraft:wither_rose":6,"minecraft:golden_pickaxe":12},"minecraft:custom":{"minecraft:mob_kills":43,"minecraft:interact_with_crafting_table":1,"minecraft:damage_dealt_resisted":43,"minecraft:leave_game":5,"minecraft:time_since_death":15717,"minecraft:time_since_rest":15742,"minecraft:sprint_one_cm":68378,"minecraft:damage_taken":4043,"minecraft:walk_one_cm":141388,"minecraft:drop":8,"minecraft:damage_dealt":3547,"minecraft:swim_one_cm":340568,"minecraft:fly_one_cm":192580,"minecraft:player_kills":10,"minecraft:open_chest":1,"minecraft:crouch_one_cm":7521,"minecraft:play_time":103484,"minecraft:deaths":8,"minecraft:sneak_time":3475,"minecraft:walk_under_water_one_cm":13271,"minecraft:jump":497,"minecraft:walk_on_water_one_cm":4251,"minecraft:total_world_time":103484,"minecraft:fall_one_cm":9403},"minecraft:picked_up":{"minecraft:birch_log":2,"minecraft:chicken":1,"minecraft:golden_pickaxe":1,"minecraft:diamond_sword":6,"minecraft:golden_shovel":1,"minecraft:oak_log":26,"minecraft:golden_sword":1,"minecraft:dirt":48,"minecraft:string":11,"minecraft:iron_axe":1,"minecraft:iron_leggings":1,"minecraft:bone":16,"minecraft:bow":4,"minecraft:wheat_seeds":6,"minecraft:netherite_sword":2,"minecraft:iron_ingot":6,"minecraft:iron_sword":1,"minecraft:iron_boots":2,"minecraft:porkchop":4,"minecraft:golden_axe":1,"minecraft:mace":4,"minecraft:mangrove_sign":2,"minecraft:brown_dye":3,"minecraft:diamond_shovel":1,"minecraft:arrow":7,"minecraft:rotten_flesh":13,"minecraft:diamond":5,"minecraft:iron_block":70,"minecraft:oak_sapling":1,"minecraft:cobblestone":1,"minecraft:diamond_pickaxe":1,"minecraft:ender_pearl":6},"minecraft:crafted":{"minecraft:oak_planks":20,"minecraft:iron_helmet":1,"minecraft:iron_boots":1,"minecraft:iron_chestplate":1,"minecraft:iron_axe":1,"minecraft:stick":4,"minecraft:iron_ingot":36,"minecraft:iron_pickaxe":1,"minecraft:iron_leggings":1},"minecraft:mined":{"minecraft:short_grass":2,"minecraft:grass_block":26,"minecraft:rose_bush":1,"minecraft:fire":2,"minecraft:bee_nest":1,"minecraft:oak_log":9,"minecraft:dirt":16,"minecraft:stone":12,"minecraft:oak_leaves":15},"minecraft:killed_by":{"minecraft:player":1,"minecraft:skeleton":1,"minecraft:zombie":1,"minecraft:drowned":1},"minecraft:dropped":{"minecraft:diamond_axe":1,"minecraft:diamond_shovel":1,"minecraft:diamond_sword":4,"minecraft:leather_chestplate":2},"minecraft:killed":{"minecraft:pig":1,"minecraft:spider":5,"minecraft:slime":7,"minecraft:ravager":2,"minecraft:zombie_horse":1,"minecraft:creeper":2,"minecraft:skeleton":5,"minecraft:pillager":2,"minecraft:zombie":9,"minecraft:chicken":1,"minecraft:skeleton_horse":1,"minecraft:enderman":1}},"DataVersion":3953}